"Kod TERYT";"Powiat";"Województwo";"Frekwencja";"% głosów nieważnych";"W tym z powodu postawienia znaku „X” obok nazwiska dwóch lub większej liczby kandydatów z różnych list";"W tym z powodu niepostawienia znaku „X” obok nazwiska żadnego kandydata";"W tym z powodu postawienia znaku „X” wyłącznie obok nazwiska kandydata na liście której rejestracja została unieważniona";"% głosów ważnych";"KOALICYJNY KOMITET WYBORCZY KOALICJA OBYWATELSKA PO .N IPL ZIELONI - ZPOW-601-6/19";"KOMITET WYBORCZY AKCJA ZAWIEDZIONYCH EMERYTÓW RENCISTÓW - ZPOW-601-21/19";"KOMITET WYBORCZY KONFEDERACJA WOLNOŚĆ I NIEPODLEGŁOŚĆ - ZPOW-601-5/19";"KOMITET WYBORCZY POLSKIE STRONNICTWO LUDOWE - ZPOW-601-19/19";"KOMITET WYBORCZY PRAWICA - ZPOW-601-20/19";"KOMITET WYBORCZY PRAWO I SPRAWIEDLIWOŚĆ - ZPOW-601-9/19";"KOMITET WYBORCZY SKUTECZNI PIOTRA LIROYA-MARCA - ZPOW-601-17/19";"KOMITET WYBORCZY SOJUSZ LEWICY DEMOKRATYCZNEJ - ZPOW-601-1/19";"KOMITET WYBORCZY WYBORCÓW KOALICJA BEZPARTYJNI I SAMORZĄDOWCY - ZPOW-601-10/19";"KOMITET WYBORCZY WYBORCÓW MNIEJSZOŚĆ NIEMIECKA - ZPOW-601-15/19"
"020100";"bolesławiecki";"dolnośląskie";"55,87";"1,53";"58,81";"41,19";"0,00";"98,47";"20,52";"";"6,73";"7,21";"";"42,44";"";"17,67";"5,43";""
"020200";"dzierżoniowski";"dolnośląskie";"55,40";"1,36";"66,89";"33,11";"0,00";"98,64";"26,51";"";"5,64";"10,52";"";"43,61";"";"11,17";"2,54";""
"020300";"głogowski";"dolnośląskie";"60,26";"1,10";"66,15";"33,85";"0,00";"98,90";"26,16";"";"5,29";"5,07";"";"44,28";"";"16,69";"2,51";""
"020400";"górowski";"dolnośląskie";"50,39";"1,58";"67,28";"32,72";"0,00";"98,42";"22,58";"";"5,56";"8,09";"";"48,83";"";"11,26";"3,68";""
"020500";"jaworski";"dolnośląskie";"54,96";"1,55";"74,19";"25,81";"0,00";"98,45";"21,40";"";"5,39";"10,22";"";"47,98";"";"13,26";"1,74";""
"020600";"jeleniogórski";"dolnośląskie";"58,64";"1,32";"61,88";"38,12";"0,00";"98,68";"33,48";"";"6,06";"7,67";"";"31,64";"";"19,41";"1,74";""
"020700";"kamiennogórski";"dolnośląskie";"55,19";"1,55";"60,07";"39,93";"0,00";"98,45";"32,24";"";"5,29";"4,72";"";"41,22";"";"14,90";"1,63";""
"020800";"kłodzki";"dolnośląskie";"55,02";"1,50";"67,57";"32,43";"0,00";"98,50";"31,25";"";"5,64";"7,86";"";"41,34";"";"11,63";"2,28";""
"020900";"legnicki";"dolnośląskie";"57,62";"1,46";"68,26";"31,74";"0,00";"98,54";"19,79";"";"6,03";"10,77";"";"48,20";"";"11,90";"3,32";""
"021000";"lubański";"dolnośląskie";"54,45";"1,39";"64,05";"35,95";"0,00";"98,61";"25,52";"";"6,14";"7,88";"";"39,76";"";"18,11";"2,60";""
"021100";"lubiński";"dolnośląskie";"62,35";"0,99";"69,58";"30,42";"0,00";"99,01";"20,54";"";"5,81";"4,61";"";"48,96";"";"14,03";"6,03";""
"021200";"lwówecki";"dolnośląskie";"51,75";"1,93";"64,64";"35,36";"0,00";"98,07";"21,16";"";"6,34";"13,74";"";"39,99";"";"16,21";"2,56";""
"021300";"milicki";"dolnośląskie";"55,69";"1,34";"63,89";"36,11";"0,00";"98,66";"18,21";"";"5,57";"15,18";"";"46,22";"";"11,10";"3,73";""
"021400";"oleśnicki";"dolnośląskie";"57,91";"1,29";"64,46";"35,54";"0,00";"98,71";"26,86";"";"6,84";"9,18";"";"40,38";"";"12,24";"4,50";""
"021500";"oławski";"dolnośląskie";"63,06";"1,06";"59,29";"40,71";"0,00";"98,94";"27,62";"";"7,06";"6,84";"";"43,29";"";"11,51";"3,67";""
"021600";"polkowicki";"dolnośląskie";"57,92";"1,66";"69,00";"31,00";"0,00";"98,34";"17,43";"";"6,26";"6,24";"";"54,61";"";"12,14";"3,31";""
"021700";"strzeliński";"dolnośląskie";"56,71";"1,46";"65,65";"34,35";"0,00";"98,54";"26,46";"";"5,51";"9,90";"";"48,02";"";"7,81";"2,30";""
"021800";"średzki";"dolnośląskie";"58,18";"1,21";"64,00";"36,00";"0,00";"98,79";"25,89";"";"7,08";"7,74";"";"44,27";"";"11,78";"3,24";""
"021900";"świdnicki";"dolnośląskie";"58,70";"1,23";"67,41";"32,59";"0,00";"98,77";"31,04";"";"6,30";"5,22";"";"41,14";"";"14,27";"2,03";""
"022000";"trzebnicki";"dolnośląskie";"60,29";"1,26";"61,98";"38,02";"0,00";"98,74";"26,90";"";"6,88";"6,84";"";"42,92";"";"11,68";"4,78";""
"022100";"wałbrzyski";"dolnośląskie";"54,20";"1,43";"65,60";"34,40";"0,00";"98,57";"36,56";"";"5,14";"6,50";"";"36,69";"";"12,82";"2,28";""
"022200";"wołowski";"dolnośląskie";"55,43";"1,50";"59,25";"40,75";"0,00";"98,50";"25,04";"";"6,43";"6,79";"";"45,68";"";"12,87";"3,18";""
"022300";"wrocławski";"dolnośląskie";"68,43";"0,87";"57,78";"42,22";"0,00";"99,13";"32,72";"";"7,34";"7,43";"";"35,34";"";"12,89";"4,28";""
"022400";"ząbkowicki";"dolnośląskie";"52,63";"1,64";"75,61";"24,39";"0,00";"98,36";"24,79";"";"4,48";"12,74";"";"46,74";"";"9,39";"1,87";""
"022500";"zgorzelecki";"dolnośląskie";"54,69";"1,52";"69,58";"30,42";"0,00";"98,48";"23,60";"";"5,90";"10,41";"";"41,40";"";"15,87";"2,82";""
"022600";"złotoryjski";"dolnośląskie";"54,14";"1,75";"68,81";"31,19";"0,00";"98,25";"22,84";"";"4,55";"8,25";"";"44,90";"";"17,92";"1,55";""
"026100";"Jelenia Góra";"dolnośląskie";"62,90";"0,85";"49,70";"50,30";"0,00";"99,15";"34,81";"";"5,23";"5,39";"";"31,11";"";"21,93";"1,52";""
"026200";"Legnica";"dolnośląskie";"59,87";"0,74";"51,82";"48,18";"0,00";"99,26";"28,32";"";"6,35";"4,98";"";"39,72";"";"17,41";"3,22";""
"026400";"Wrocław";"dolnośląskie";"71,17";"0,56";"51,00";"49,00";"0,00";"99,44";"37,07";"";"8,01";"5,07";"";"28,92";"";"18,33";"2,61";""
"026500";"Wałbrzych";"dolnośląskie";"56,11";"1,30";"63,90";"36,10";"0,00";"98,70";"42,15";"";"4,24";"3,59";"";"33,89";"";"13,09";"3,04";""
"040100";"aleksandrowski";"kujawsko-pomorskie";"56,96";"1,44";"62,80";"37,20";"0,00";"98,56";"20,90";"";"6,22";"10,23";"";"45,41";"";"15,33";"1,91";""
"040200";"brodnicki";"kujawsko-pomorskie";"54,24";"1,37";"68,44";"31,56";"0,00";"98,63";"13,92";"";"4,71";"29,13";"";"42,88";"";"8,61";"0,75";""
"040300";"bydgoski";"kujawsko-pomorskie";"61,97";"1,33";"72,85";"27,15";"0,00";"98,67";"33,34";"";"8,22";"8,60";"";"32,87";"";"15,71";"1,26";""
"040400";"chełmiński";"kujawsko-pomorskie";"52,54";"1,73";"65,73";"34,27";"0,00";"98,27";"28,92";"";"6,70";"11,28";"";"39,86";"";"12,03";"1,21";""
"040500";"golubsko-dobrzyński";"kujawsko-pomorskie";"52,16";"1,48";"69,71";"30,29";"0,00";"98,52";"19,17";"";"6,20";"13,13";"";"49,98";"";"10,45";"1,08";""
"040600";"grudziądzki";"kujawsko-pomorskie";"49,48";"1,57";"69,58";"30,42";"0,00";"98,43";"20,03";"";"6,19";"12,91";"";"47,76";"";"11,78";"1,33";""
"040700";"inowrocławski";"kujawsko-pomorskie";"57,47";"1,78";"68,31";"31,69";"0,00";"98,22";"30,00";"";"5,82";"11,45";"";"37,66";"";"13,49";"1,58";""
"040800";"lipnowski";"kujawsko-pomorskie";"49,08";"2,40";"74,01";"25,99";"0,00";"97,60";"12,54";"";"4,91";"23,29";"";"47,62";"";"10,75";"0,89";""
"040900";"mogileński";"kujawsko-pomorskie";"54,36";"2,05";"77,59";"22,41";"0,00";"97,95";"20,57";"";"5,63";"20,53";"";"40,86";"";"11,36";"1,06";""
"041000";"nakielski";"kujawsko-pomorskie";"54,84";"1,81";"65,05";"34,95";"0,00";"98,19";"25,18";"";"7,31";"11,24";"";"40,14";"";"14,35";"1,77";""
"041100";"radziejowski";"kujawsko-pomorskie";"51,21";"2,05";"71,84";"28,16";"0,00";"97,95";"15,08";"";"4,53";"12,28";"";"55,69";"";"11,24";"1,18";""
"041200";"rypiński";"kujawsko-pomorskie";"50,43";"1,32";"68,42";"31,58";"0,00";"98,68";"15,95";"";"5,72";"16,04";"";"49,81";"";"11,45";"1,02";""
"041300";"sępoleński";"kujawsko-pomorskie";"51,72";"1,86";"72,19";"27,81";"0,00";"98,14";"26,00";"";"6,14";"10,95";"";"42,32";"";"12,54";"2,04";""
"041400";"świecki";"kujawsko-pomorskie";"53,41";"2,05";"71,48";"28,52";"0,00";"97,95";"31,20";"";"7,25";"9,77";"";"40,50";"";"10,21";"1,07";""
"041500";"toruński";"kujawsko-pomorskie";"57,82";"1,36";"67,51";"32,49";"0,00";"98,64";"30,53";"";"7,39";"8,74";"";"39,89";"";"12,41";"1,03";""
"041600";"tucholski";"kujawsko-pomorskie";"56,05";"1,89";"74,49";"25,51";"0,00";"98,11";"24,12";"";"7,76";"9,53";"";"48,58";"";"9,12";"0,89";""
"041700";"wąbrzeski";"kujawsko-pomorskie";"50,68";"1,59";"74,77";"25,23";"0,00";"98,41";"30,91";"";"6,62";"10,53";"";"39,94";"";"10,28";"1,72";""
"041800";"włocławski";"kujawsko-pomorskie";"50,29";"2,10";"63,10";"36,90";"0,00";"97,90";"16,33";"";"5,25";"11,44";"";"51,12";"";"14,51";"1,34";""
"041900";"żniński";"kujawsko-pomorskie";"55,47";"2,18";"71,43";"28,57";"0,00";"97,82";"29,12";"";"5,72";"11,84";"";"41,89";"";"10,06";"1,38";""
"046100";"Bydgoszcz";"kujawsko-pomorskie";"66,77";"0,65";"57,47";"42,53";"0,00";"99,35";"34,74";"";"7,46";"5,52";"";"31,94";"";"19,23";"1,11";""
"046200";"Grudziądz";"kujawsko-pomorskie";"57,49";"1,11";"62,50";"37,50";"0,00";"98,89";"30,90";"";"6,32";"7,94";"";"34,31";"";"19,52";"1,01";""
"046300";"Toruń";"kujawsko-pomorskie";"66,62";"0,62";"53,14";"46,86";"0,00";"99,38";"38,66";"";"7,67";"4,82";"";"31,55";"";"16,39";"0,90";""
"046400";"Włocławek";"kujawsko-pomorskie";"58,62";"0,99";"54,05";"45,95";"0,00";"99,01";"29,10";"";"5,87";"5,53";"";"34,37";"";"23,51";"1,63";""
"060100";"bialski";"lubelskie";"56,57";"1,64";"68,21";"31,79";"0,00";"98,36";"17,94";"";"5,35";"10,79";"";"60,89";"";"3,97";"1,06";""
"060200";"biłgorajski";"lubelskie";"56,77";"1,10";"66,99";"33,01";"0,00";"98,90";"7,81";"";"6,80";"14,20";"";"65,00";"";"5,49";"0,70";""
"060300";"chełmski";"lubelskie";"48,53";"1,96";"68,17";"31,83";"0,00";"98,04";"15,80";"";"6,03";"11,02";"";"61,19";"";"5,07";"0,89";""
"060400";"hrubieszowski";"lubelskie";"48,92";"1,43";"70,73";"29,27";"0,00";"98,57";"7,66";"";"4,58";"12,58";"";"62,38";"";"12,02";"0,78";""
"060500";"janowski";"lubelskie";"60,21";"1,19";"48,68";"51,32";"0,00";"98,81";"6,03";"";"5,33";"6,62";"";"77,19";"";"4,29";"0,54";""
"060600";"krasnostawski";"lubelskie";"51,89";"1,34";"58,81";"41,19";"0,00";"98,66";"14,52";"";"6,02";"9,78";"";"61,29";"";"7,35";"1,04";""
"060700";"kraśnicki";"lubelskie";"56,00";"1,38";"61,19";"38,81";"0,00";"98,62";"12,77";"";"4,97";"12,88";"";"62,46";"";"6,07";"0,85";""
"060800";"lubartowski";"lubelskie";"58,15";"1,14";"58,67";"41,33";"0,00";"98,86";"10,94";"";"9,08";"10,70";"";"61,81";"";"5,99";"1,49";""
"060900";"lubelski";"lubelskie";"60,77";"0,96";"60,79";"39,21";"0,00";"99,04";"14,74";"";"7,21";"12,72";"";"58,00";"";"6,09";"1,24";""
"061000";"łęczyński";"lubelskie";"57,24";"1,13";"66,43";"33,57";"0,00";"98,87";"17,27";"";"7,72";"8,08";"";"60,12";"";"5,41";"1,41";""
"061100";"łukowski";"lubelskie";"59,59";"1,29";"63,81";"36,19";"0,00";"98,71";"8,89";"";"6,01";"10,51";"";"68,02";"";"4,87";"1,70";""
"061200";"opolski";"lubelskie";"52,45";"1,42";"60,83";"39,17";"0,00";"98,58";"12,28";"";"5,97";"10,80";"";"62,52";"";"7,12";"1,32";""
"061300";"parczewski";"lubelskie";"54,38";"1,45";"66,07";"33,93";"0,00";"98,55";"11,82";"";"6,64";"14,17";"";"59,41";"";"6,40";"1,57";""
"061400";"puławski";"lubelskie";"60,83";"1,04";"52,40";"47,60";"0,00";"98,96";"20,41";"";"7,86";"8,05";"";"53,91";"";"8,34";"1,42";""
"061500";"radzyński";"lubelskie";"56,55";"1,67";"66,67";"33,33";"0,00";"98,33";"8,47";"";"5,55";"13,95";"";"64,29";"";"5,40";"2,33";""
"061600";"rycki";"lubelskie";"59,52";"1,09";"68,15";"31,85";"0,00";"98,91";"10,68";"";"5,13";"13,90";"";"60,54";"";"8,55";"1,20";""
"061700";"świdnicki";"lubelskie";"59,68";"0,84";"54,74";"45,26";"0,00";"99,16";"18,29";"";"6,57";"9,85";"";"56,20";"";"7,83";"1,25";""
"061800";"tomaszowski";"lubelskie";"52,11";"1,24";"67,19";"32,81";"0,00";"98,76";"8,94";"";"5,55";"15,73";"";"63,25";"";"5,55";"0,98";""
"061900";"włodawski";"lubelskie";"53,13";"1,56";"66,41";"33,59";"0,00";"98,44";"14,40";"";"5,41";"18,02";"";"52,84";"";"8,45";"0,87";""
"062000";"zamojski";"lubelskie";"53,60";"1,44";"69,44";"30,56";"0,00";"98,56";"8,10";"";"5,26";"12,61";"";"66,97";"";"5,26";"1,80";""
"066100";"Biała Podlaska";"lubelskie";"61,67";"0,64";"54,55";"45,45";"0,00";"99,36";"32,31";"";"6,69";"5,76";"";"48,13";"";"6,12";"0,98";""
"066200";"Chełm";"lubelskie";"56,75";"0,82";"58,12";"41,88";"0,00";"99,18";"29,32";"";"6,30";"6,20";"";"46,16";"";"11,06";"0,96";""
"066300";"Lublin";"lubelskie";"66,24";"0,59";"48,83";"51,17";"0,00";"99,41";"31,90";"";"7,79";"5,55";"";"42,52";"";"10,82";"1,42";""
"066400";"Zamość";"lubelskie";"56,99";"0,73";"58,02";"41,98";"0,00";"99,27";"20,87";"";"6,01";"10,88";"";"49,11";"";"11,84";"1,28";""
"080100";"gorzowski";"lubuskie";"56,86";"1,57";"67,63";"32,37";"0,00";"98,43";"31,88";"";"7,94";"10,05";"";"34,73";"";"15,41";"";""
"080200";"krośnieński";"lubuskie";"53,13";"1,86";"74,76";"25,24";"0,00";"98,14";"27,31";"";"5,23";"22,39";"";"31,67";"";"13,41";"";""
"080300";"międzyrzecki";"lubuskie";"55,69";"1,84";"72,22";"27,78";"0,00";"98,16";"27,96";"";"7,09";"14,43";"";"34,40";"";"16,12";"";""
"080400";"nowosolski";"lubuskie";"56,58";"1,74";"58,55";"41,45";"0,00";"98,26";"29,82";"";"7,48";"11,26";"";"37,49";"";"13,94";"";""
"080500";"słubicki";"lubuskie";"53,98";"1,81";"74,72";"25,28";"0,00";"98,19";"34,39";"";"7,15";"9,65";"";"32,29";"";"16,51";"";""
"080600";"strzelecko-drezdenecki";"lubuskie";"51,21";"1,71";"75,96";"24,04";"0,00";"98,29";"26,75";"";"5,83";"15,53";"";"39,23";"";"12,66";"";""
"080700";"sulęciński";"lubuskie";"51,64";"2,15";"70,96";"29,04";"0,00";"97,85";"27,21";"";"7,68";"10,96";"";"40,27";"";"13,88";"";""
"080800";"świebodziński";"lubuskie";"55,86";"1,61";"77,26";"22,74";"0,00";"98,39";"30,48";"";"7,57";"12,91";"";"35,17";"";"13,86";"";""
"080900";"zielonogórski";"lubuskie";"56,96";"1,76";"67,29";"32,71";"0,00";"98,24";"30,57";"";"7,65";"11,55";"";"33,40";"";"16,82";"";""
"081000";"żagański";"lubuskie";"52,66";"1,56";"70,38";"29,62";"0,00";"98,44";"25,82";"";"7,51";"11,82";"";"39,83";"";"15,02";"";""
"081100";"żarski";"lubuskie";"53,24";"1,54";"67,27";"32,73";"0,00";"98,46";"28,81";"";"8,47";"12,76";"";"35,32";"";"14,64";"";""
"081200";"wschowski";"lubuskie";"53,02";"1,71";"72,26";"27,74";"0,00";"98,29";"21,08";"";"6,50";"11,78";"";"48,17";"";"12,47";"";""
"086100";"Gorzów Wielkopolski";"lubuskie";"61,82";"0,98";"55,65";"44,35";"0,00";"99,02";"39,18";"";"7,49";"5,61";"";"32,57";"";"15,14";"";""
"086200";"Zielona Góra";"lubuskie";"68,07";"0,79";"53,10";"46,90";"0,00";"99,21";"35,66";"";"6,39";"11,43";"";"26,68";"";"19,83";"";""
"100100";"bełchatowski";"łódzkie";"63,88";"1,13";"62,44";"37,56";"0,00";"98,87";"11,67";"";"10,00";"7,03";"";"59,73";"";"11,58";"";""
"100200";"kutnowski";"łódzkie";"56,32";"1,32";"62,74";"37,26";"0,00";"98,68";"17,90";"";"5,26";"7,95";"";"52,26";"";"14,97";"1,66";""
"100300";"łaski";"łódzkie";"61,15";"1,19";"67,46";"32,54";"0,00";"98,81";"21,27";"";"6,62";"9,43";"";"50,15";"";"10,72";"1,81";""
"100400";"łęczycki";"łódzkie";"54,66";"1,74";"55,70";"44,30";"0,00";"98,26";"14,23";"";"4,88";"11,91";"";"57,62";"";"10,01";"1,34";""
"100500";"łowicki";"łódzkie";"59,77";"1,53";"62,65";"37,35";"0,00";"98,47";"11,37";"";"5,59";"13,22";"";"56,11";"";"12,61";"1,10";""
"100600";"łódzki wschodni";"łódzkie";"67,93";"0,97";"58,51";"41,49";"0,00";"99,03";"26,99";"";"7,74";"7,67";"";"44,59";"";"13,02";"";""
"100700";"opoczyński";"łódzkie";"63,58";"1,46";"64,59";"35,41";"0,00";"98,54";"6,88";"";"4,64";"18,42";"";"64,39";"";"5,66";"";""
"100800";"pabianicki";"łódzkie";"66,46";"0,99";"58,67";"41,33";"0,00";"99,01";"30,48";"";"6,71";"5,98";"";"39,13";"";"15,53";"2,17";""
"100900";"pajęczański";"łódzkie";"59,98";"1,56";"65,73";"34,27";"0,00";"98,44";"10,70";"";"5,41";"12,49";"";"62,33";"";"8,28";"0,79";""
"101000";"piotrkowski";"łódzkie";"60,72";"1,27";"67,02";"32,98";"0,00";"98,73";"9,59";"";"6,51";"10,05";"";"64,74";"";"9,10";"";""
"101100";"poddębicki";"łódzkie";"58,14";"1,57";"63,64";"36,36";"0,00";"98,43";"13,53";"";"4,96";"15,55";"";"55,95";"";"9,01";"1,00";""
"101200";"radomszczański";"łódzkie";"57,85";"1,48";"67,44";"32,56";"0,00";"98,52";"22,40";"";"5,81";"6,35";"";"55,62";"";"9,81";"";""
"101300";"rawski";"łódzkie";"58,52";"1,56";"69,21";"30,79";"0,00";"98,44";"10,01";"";"6,39";"17,88";"";"58,00";"";"7,72";"";""
"101400";"sieradzki";"łódzkie";"59,70";"1,29";"65,61";"34,39";"0,00";"98,71";"18,24";"";"6,19";"10,47";"";"54,45";"";"9,69";"0,96";""
"101500";"skierniewicki";"łódzkie";"61,26";"1,65";"74,51";"25,49";"0,00";"98,35";"9,54";"";"6,56";"11,82";"";"65,43";"";"6,65";"";""
"101600";"tomaszowski";"łódzkie";"61,78";"1,28";"68,00";"32,00";"0,00";"98,72";"18,14";"";"6,46";"12,01";"";"52,02";"";"11,37";"";""
"101700";"wieluński";"łódzkie";"60,05";"1,26";"63,99";"36,01";"0,00";"98,74";"14,46";"";"5,33";"14,74";"";"55,19";"";"9,49";"0,79";""
"101800";"wieruszowski";"łódzkie";"57,93";"1,54";"65,45";"34,55";"0,00";"98,46";"14,37";"";"6,91";"13,22";"";"54,10";"";"10,24";"1,16";""
"101900";"zduńskowolski";"łódzkie";"61,72";"1,25";"66,92";"33,08";"0,00";"98,75";"19,37";"";"6,24";"15,74";"";"47,59";"";"10,16";"0,90";""
"102000";"zgierski";"łódzkie";"64,94";"1,01";"62,73";"37,27";"0,00";"98,99";"30,30";"";"5,77";"6,61";"";"40,81";"";"13,83";"2,68";""
"102100";"brzeziński";"łódzkie";"61,79";"1,40";"70,75";"29,25";"0,00";"98,60";"16,90";"";"6,79";"11,89";"";"53,62";"";"10,80";"";""
"106100";"Łódź";"łódzkie";"68,66";"0,69";"50,26";"49,74";"0,00";"99,31";"37,53";"";"6,53";"3,90";"";"30,82";"";"21,23";"";""
"106200";"Piotrków Trybunalski";"łódzkie";"63,81";"0,95";"58,09";"41,91";"0,00";"99,05";"23,24";"";"6,38";"6,10";"";"43,85";"";"20,42";"";""
"106300";"Skierniewice";"łódzkie";"66,78";"0,95";"60,94";"39,06";"0,00";"99,05";"27,55";"";"6,89";"10,18";"";"40,64";"";"14,73";"";""
"120100";"bocheński";"małopolskie";"63,83";"1,16";"64,75";"35,25";"0,00";"98,84";"11,86";"";"6,62";"11,41";"";"65,08";"";"5,03";"";""
"120200";"brzeski";"małopolskie";"59,29";"1,29";"64,16";"35,84";"0,00";"98,71";"10,14";"";"8,44";"13,49";"";"63,62";"";"4,31";"";""
"120300";"chrzanowski";"małopolskie";"62,82";"1,13";"60,52";"39,48";"0,00";"98,87";"30,18";"";"7,15";"5,48";"";"44,39";"";"12,79";"";""
"120400";"dąbrowski";"małopolskie";"53,63";"1,43";"63,33";"36,67";"0,00";"98,57";"5,81";"";"6,56";"14,43";"";"70,19";"";"3,02";"";""
"120500";"gorlicki";"małopolskie";"57,62";"1,40";"69,60";"30,40";"0,00";"98,60";"15,07";"";"6,14";"10,43";"";"61,92";"";"6,45";"";""
"120600";"krakowski";"małopolskie";"65,44";"1,01";"54,62";"45,38";"0,00";"98,99";"22,69";"";"7,81";"8,40";"0,26";"50,85";"";"8,67";"1,32";""
"120700";"limanowski";"małopolskie";"62,04";"1,22";"62,55";"37,45";"0,00";"98,78";"7,23";"";"6,86";"10,90";"";"71,82";"";"3,20";"";""
"120800";"miechowski";"małopolskie";"55,94";"1,12";"61,60";"38,40";"0,00";"98,88";"11,94";"";"5,69";"11,05";"0,24";"61,59";"";"7,90";"1,59";""
"120900";"myślenicki";"małopolskie";"63,97";"1,13";"63,14";"36,86";"0,00";"98,87";"17,83";"";"8,02";"6,60";"";"62,33";"";"5,22";"";""
"121000";"nowosądecki";"małopolskie";"63,98";"1,31";"61,43";"38,57";"0,00";"98,69";"10,20";"";"6,53";"6,29";"";"71,84";"";"5,14";"";""
"121100";"nowotarski";"małopolskie";"54,52";"1,31";"61,93";"38,07";"0,00";"98,69";"14,15";"";"7,73";"6,18";"";"66,69";"";"5,25";"";""
"121200";"olkuski";"małopolskie";"63,87";"0,98";"64,70";"35,30";"0,00";"99,02";"20,48";"";"6,82";"10,81";"0,19";"51,11";"";"9,76";"0,83";""
"121300";"oświęcimski";"małopolskie";"64,96";"1,01";"61,95";"38,05";"0,00";"98,99";"27,31";"";"6,25";"7,73";"";"48,32";"";"10,38";"";""
"121400";"proszowicki";"małopolskie";"55,30";"1,45";"57,50";"42,50";"0,00";"98,55";"8,05";"";"5,63";"18,44";"";"62,56";"";"5,33";"";""
"121500";"suski";"małopolskie";"59,54";"1,27";"61,88";"38,12";"0,00";"98,73";"15,39";"";"7,66";"8,14";"";"62,83";"";"5,98";"";""
"121600";"tarnowski";"małopolskie";"58,84";"1,28";"66,39";"33,61";"0,00";"98,72";"9,06";"";"6,46";"12,73";"";"67,52";"";"4,24";"";""
"121700";"tatrzański";"małopolskie";"60,36";"0,90";"57,74";"42,26";"0,00";"99,10";"23,79";"";"7,72";"5,64";"";"56,03";"";"6,82";"";""
"121800";"wadowicki";"małopolskie";"61,78";"1,28";"67,04";"32,96";"0,00";"98,72";"21,14";"";"6,73";"10,95";"";"54,03";"";"7,15";"";""
"121900";"wielicki";"małopolskie";"65,20";"0,93";"56,59";"43,41";"0,00";"99,07";"22,77";"";"8,26";"12,95";"";"48,41";"";"7,60";"";""
"126100";"Kraków";"małopolskie";"71,21";"0,56";"44,11";"55,89";"0,00";"99,44";"35,30";"";"8,31";"6,25";"0,29";"33,22";"";"15,11";"1,52";""
"126200";"Nowy Sącz";"małopolskie";"64,93";"0,68";"53,21";"46,79";"0,00";"99,32";"22,49";"";"7,01";"4,84";"";"52,42";"";"13,24";"";""
"126300";"Tarnów";"małopolskie";"61,65";"0,73";"53,81";"46,19";"0,00";"99,27";"23,17";"";"7,10";"14,34";"";"44,75";"";"10,64";"";""
"140100";"białobrzeski";"mazowieckie";"60,22";"1,58";"59,45";"40,55";"0,00";"98,42";"12,91";"";"4,37";"12,01";"";"65,41";"0,46";"4,30";"0,54";""
"140200";"ciechanowski";"mazowieckie";"57,45";"1,43";"61,37";"38,63";"0,00";"98,57";"15,94";"";"5,12";"14,33";"";"54,24";"";"8,91";"1,46";""
"140300";"garwoliński";"mazowieckie";"62,81";"1,27";"59,29";"40,71";"0,00";"98,73";"9,81";"0,30";"5,61";"11,04";"";"67,19";"";"4,48";"1,57";""
"140400";"gostyniński";"mazowieckie";"55,96";"1,67";"57,60";"42,40";"0,00";"98,33";"17,11";"";"5,04";"12,58";"";"55,66";"";"8,58";"1,03";""
"140500";"grodziski";"mazowieckie";"70,41";"0,83";"52,38";"47,62";"0,00";"99,17";"28,60";"";"6,49";"11,21";"";"37,93";"";"13,89";"1,89";""
"140600";"grójecki";"mazowieckie";"61,98";"1,26";"57,96";"42,04";"0,00";"98,74";"12,16";"";"6,52";"21,03";"";"50,56";"0,58";"8,35";"0,80";""
"140700";"kozienicki";"mazowieckie";"60,04";"1,21";"61,67";"38,33";"0,00";"98,79";"17,81";"";"5,12";"8,14";"";"61,26";"0,65";"6,33";"0,68";""
"140800";"legionowski";"mazowieckie";"72,04";"0,85";"59,93";"40,07";"0,00";"99,15";"34,20";"";"5,63";"6,92";"";"37,64";"";"13,71";"1,91";""
"140900";"lipski";"mazowieckie";"52,46";"1,43";"60,00";"40,00";"0,00";"98,57";"9,66";"";"6,72";"13,02";"";"62,34";"0,55";"6,94";"0,76";""
"141000";"łosicki";"mazowieckie";"57,69";"1,30";"58,82";"41,18";"0,00";"98,70";"6,49";"0,29";"7,05";"13,06";"";"66,55";"";"5,16";"1,40";""
"141100";"makowski";"mazowieckie";"56,06";"1,47";"64,55";"35,45";"0,00";"98,53";"9,65";"0,30";"5,76";"14,93";"";"62,51";"";"6,20";"0,64";""
"141200";"miński";"mazowieckie";"66,18";"1,05";"54,92";"45,08";"0,00";"98,95";"24,67";"0,39";"7,23";"8,14";"";"50,21";"";"8,12";"1,23";""
"141300";"mławski";"mazowieckie";"54,71";"1,66";"66,28";"33,72";"0,00";"98,34";"13,90";"";"6,09";"14,15";"";"56,50";"";"7,64";"1,71";""
"141400";"nowodworski";"mazowieckie";"61,78";"1,16";"61,43";"38,57";"0,00";"98,84";"22,10";"";"5,95";"12,44";"";"45,14";"";"12,88";"1,48";""
"141500";"ostrołęcki";"mazowieckie";"53,98";"1,62";"59,80";"40,20";"0,00";"98,38";"8,22";"0,25";"6,18";"12,50";"";"66,62";"";"5,05";"1,18";""
"141600";"ostrowski";"mazowieckie";"58,07";"1,15";"62,02";"37,98";"0,00";"98,85";"12,42";"0,25";"5,21";"13,18";"";"63,26";"";"5,14";"0,54";""
"141700";"otwocki";"mazowieckie";"70,27";"1,06";"54,63";"45,37";"0,00";"98,94";"22,25";"";"6,95";"10,33";"";"47,17";"";"11,52";"1,78";""
"141800";"piaseczyński";"mazowieckie";"72,79";"0,83";"50,30";"49,70";"0,00";"99,17";"34,64";"";"6,24";"7,30";"";"35,17";"";"14,96";"1,69";""
"141900";"płocki";"mazowieckie";"55,88";"1,87";"61,20";"38,80";"0,00";"98,13";"11,63";"";"4,96";"18,14";"";"56,79";"";"7,12";"1,36";""
"142000";"płoński";"mazowieckie";"52,91";"1,89";"61,78";"38,22";"0,00";"98,11";"14,70";"";"4,91";"13,59";"";"56,13";"";"8,61";"2,06";""
"142100";"pruszkowski";"mazowieckie";"74,27";"0,72";"58,53";"41,47";"0,00";"99,28";"30,84";"";"6,40";"9,56";"";"35,79";"";"14,02";"3,39";""
"142200";"przasnyski";"mazowieckie";"54,55";"1,24";"60,57";"39,43";"0,00";"98,76";"8,25";"";"5,02";"20,05";"";"59,73";"";"5,71";"1,23";""
"142300";"przysuski";"mazowieckie";"60,98";"1,40";"59,86";"40,14";"0,00";"98,60";"8,36";"";"5,31";"10,87";"";"70,36";"0,86";"3,85";"0,39";""
"142400";"pułtuski";"mazowieckie";"59,02";"1,42";"63,27";"36,73";"0,00";"98,58";"9,22";"0,33";"5,32";"21,60";"";"56,44";"";"6,44";"0,65";""
"142500";"radomski";"mazowieckie";"59,66";"1,30";"60,58";"39,42";"0,00";"98,70";"11,99";"";"5,87";"8,53";"";"66,02";"0,75";"6,07";"0,76";""
"142600";"siedlecki";"mazowieckie";"61,31";"1,33";"56,95";"43,05";"0,00";"98,67";"6,41";"0,21";"6,72";"12,20";"";"69,30";"";"4,35";"0,81";""
"142700";"sierpecki";"mazowieckie";"52,88";"1,56";"67,06";"32,94";"0,00";"98,44";"12,02";"";"4,37";"15,89";"";"58,34";"";"8,17";"1,21";""
"142800";"sochaczewski";"mazowieckie";"62,10";"1,27";"65,64";"34,36";"0,00";"98,73";"14,11";"";"5,88";"20,01";"";"50,55";"";"7,55";"1,90";""
"142900";"sokołowski";"mazowieckie";"62,05";"1,42";"49,87";"50,13";"0,00";"98,58";"9,27";"0,30";"5,70";"15,21";"";"63,21";"";"5,15";"1,15";""
"143000";"szydłowiecki";"mazowieckie";"56,24";"1,44";"60,94";"39,06";"0,00";"98,56";"13,11";"";"5,50";"7,18";"";"67,17";"0,73";"5,56";"0,75";""
"143200";"warszawski zachodni";"mazowieckie";"72,03";"0,84";"54,43";"45,57";"0,00";"99,16";"32,62";"";"6,64";"7,00";"";"38,59";"";"13,27";"1,88";""
"143300";"węgrowski";"mazowieckie";"60,08";"1,66";"53,23";"46,77";"0,00";"98,34";"13,55";"0,32";"6,28";"10,81";"";"62,93";"";"5,15";"0,96";""
"143400";"wołomiński";"mazowieckie";"68,09";"0,93";"55,63";"44,37";"0,00";"99,07";"22,58";"";"7,71";"7,44";"";"48,66";"";"11,05";"2,56";""
"143500";"wyszkowski";"mazowieckie";"60,63";"1,55";"62,32";"37,68";"0,00";"98,45";"12,49";"0,33";"7,26";"14,18";"";"58,60";"";"6,09";"1,07";""
"143600";"zwoleński";"mazowieckie";"55,14";"1,36";"56,62";"43,38";"0,00";"98,64";"8,62";"";"5,63";"14,96";"";"64,25";"0,61";"5,34";"0,60";""
"143700";"żuromiński";"mazowieckie";"53,78";"1,79";"63,00";"37,00";"0,00";"98,21";"10,62";"";"3,87";"19,11";"";"57,30";"";"8,09";"1,01";""
"143800";"żyrardowski";"mazowieckie";"62,72";"1,25";"62,94";"37,06";"0,00";"98,75";"23,37";"";"6,28";"10,22";"";"46,98";"";"10,74";"2,41";""
"146100";"Ostrołęka";"mazowieckie";"60,43";"1,06";"44,14";"55,86";"0,00";"98,94";"20,30";"0,38";"7,44";"9,61";"";"50,40";"";"10,60";"1,26";""
"146200";"Płock";"mazowieckie";"64,17";"0,82";"58,64";"41,36";"0,00";"99,18";"29,09";"";"5,07";"12,24";"";"40,65";"";"11,88";"1,08";""
"146300";"Radom";"mazowieckie";"64,88";"0,61";"44,92";"55,08";"0,00";"99,39";"28,23";"";"6,16";"5,90";"";"47,75";"0,92";"10,14";"0,91";""
"146400";"Siedlce";"mazowieckie";"65,20";"0,73";"51,41";"48,59";"0,00";"99,27";"21,20";"0,32";"7,69";"9,08";"";"49,54";"";"10,77";"1,40";""
"146501";"Warszawa";"mazowieckie";"77,07";"0,53";"45,59";"54,41";"0,00";"99,47";"42,96";"";"6,37";"4,94";"";"28,26";"";"17,47";"";""
"149800";"statki";"mazowieckie";"99,43";"0,00";"";"";"";"100,00";"44,51";"";"13,29";"8,09";"";"21,97";"";"12,14";"";""
"149900";"zagranica";"mazowieckie";"90,38";"0,60";"46,02";"53,98";"0,00";"99,40";"38,95";"";"11,39";"4,11";"";"24,89";"";"20,67";"";""
"160100";"brzeski";"opolskie";"56,22";"1,20";"62,29";"37,71";"0,00";"98,80";"23,08";"";"6,44";"15,41";"";"44,27";"";"10,42";"";"0,38"
"160200";"głubczycki";"opolskie";"51,30";"1,58";"65,66";"34,34";"0,00";"98,42";"23,46";"";"4,88";"7,92";"";"54,04";"";"8,81";"";"0,90"
"160300";"kędzierzyńsko-kozielski";"opolskie";"51,97";"1,62";"69,38";"30,62";"0,00";"98,38";"31,07";"";"6,18";"7,60";"";"33,17";"";"12,07";"";"9,91"
"160400";"kluczborski";"opolskie";"50,90";"1,36";"64,74";"35,26";"0,00";"98,64";"23,10";"";"6,31";"14,12";"";"40,54";"";"10,96";"";"4,97"
"160500";"krapkowicki";"opolskie";"46,15";"2,16";"76,35";"23,65";"0,00";"97,84";"25,58";"";"5,95";"8,43";"";"29,00";"";"9,95";"";"21,10"
"160600";"namysłowski";"opolskie";"55,33";"1,68";"68,47";"31,53";"0,00";"98,32";"21,31";"";"5,59";"16,50";"";"44,23";"";"11,46";"";"0,91"
"160700";"nyski";"opolskie";"53,20";"1,26";"62,74";"37,26";"0,00";"98,74";"22,85";"";"5,09";"9,35";"";"48,13";"";"13,98";"";"0,60"
"160800";"oleski";"opolskie";"49,22";"1,53";"64,80";"35,20";"0,00";"98,47";"19,38";"";"5,64";"11,18";"";"41,81";"";"10,95";"";"11,04"
"160900";"opolski";"opolskie";"49,19";"1,86";"73,53";"26,47";"0,00";"98,14";"27,14";"";"5,38";"11,03";"";"29,45";"";"9,55";"";"17,44"
"161000";"prudnicki";"opolskie";"49,95";"1,84";"76,31";"23,69";"0,00";"98,16";"19,62";"";"5,47";"9,13";"";"45,12";"";"9,58";"";"11,07"
"161100";"strzelecki";"opolskie";"46,67";"2,06";"69,59";"30,41";"0,00";"97,94";"25,72";"";"5,28";"6,77";"";"32,57";"";"8,40";"";"21,26"
"166100";"Opole";"opolskie";"65,89";"0,68";"60,86";"39,14";"0,00";"99,32";"39,42";"";"5,99";"8,74";"";"26,25";"";"16,19";"";"3,40"
"180100";"bieszczadzki";"podkarpackie";"52,05";"1,41";"65,93";"34,07";"0,00";"98,59";"21,81";"";"7,70";"11,57";"";"49,86";"";"9,06";"";""
"180200";"brzozowski";"podkarpackie";"55,97";"1,17";"62,76";"37,24";"0,00";"98,83";"8,20";"";"6,58";"5,32";"";"75,77";"";"4,13";"";""
"180300";"dębicki";"podkarpackie";"59,98";"1,12";"59,55";"40,45";"0,00";"98,88";"13,90";"";"7,15";"8,21";"";"65,42";"0,41";"4,92";"";""
"180400";"jarosławski";"podkarpackie";"57,72";"1,36";"71,98";"28,02";"0,00";"98,64";"15,93";"";"6,12";"8,38";"";"65,63";"";"3,94";"";""
"180500";"jasielski";"podkarpackie";"57,23";"1,19";"62,94";"37,06";"0,00";"98,81";"14,27";"";"7,23";"4,84";"";"68,75";"";"4,91";"";""
"180600";"kolbuszowski";"podkarpackie";"55,71";"1,09";"59,33";"40,67";"0,00";"98,91";"6,91";"";"9,81";"6,72";"";"72,22";"0,39";"3,96";"";""
"180700";"krośnieński";"podkarpackie";"57,49";"1,22";"58,87";"41,13";"0,00";"98,78";"13,64";"";"7,05";"7,66";"";"65,96";"";"5,69";"";""
"180800";"leżajski";"podkarpackie";"58,11";"0,83";"62,12";"37,88";"0,00";"99,17";"8,55";"";"7,95";"5,42";"";"74,16";"0,29";"3,63";"";""
"180900";"lubaczowski";"podkarpackie";"53,16";"1,39";"74,25";"25,75";"0,00";"98,61";"6,41";"";"6,92";"14,35";"";"64,09";"";"8,23";"";""
"181000";"łańcucki";"podkarpackie";"62,48";"0,80";"50,47";"49,53";"0,00";"99,20";"10,29";"";"8,53";"7,24";"";"68,91";"0,50";"4,53";"";""
"181100";"mielecki";"podkarpackie";"59,72";"1,06";"61,52";"38,48";"0,00";"98,94";"13,66";"";"6,45";"10,54";"";"62,60";"0,64";"6,11";"";""
"181200";"niżański";"podkarpackie";"53,57";"1,10";"56,78";"43,22";"0,00";"98,90";"7,74";"";"8,37";"6,05";"";"70,42";"0,59";"6,83";"";""
"181300";"przemyski";"podkarpackie";"53,26";"1,76";"71,63";"28,37";"0,00";"98,24";"11,87";"";"7,18";"10,91";"";"65,56";"";"4,48";"";""
"181400";"przeworski";"podkarpackie";"56,85";"1,43";"65,76";"34,24";"0,00";"98,57";"10,73";"";"6,07";"9,43";"";"69,41";"";"4,36";"";""
"181500";"ropczycko-sędziszowski";"podkarpackie";"61,39";"1,18";"58,43";"41,57";"0,00";"98,82";"7,08";"";"7,27";"9,29";"";"72,02";"0,37";"3,98";"";""
"181600";"rzeszowski";"podkarpackie";"63,09";"0,92";"57,89";"42,11";"0,00";"99,08";"10,86";"";"8,56";"7,33";"";"67,59";"0,54";"5,12";"";""
"181700";"sanocki";"podkarpackie";"55,00";"1,20";"72,23";"27,77";"0,00";"98,80";"22,92";"";"5,86";"5,94";"";"59,40";"";"5,88";"";""
"181800";"stalowowolski";"podkarpackie";"56,66";"0,93";"53,42";"46,58";"0,00";"99,07";"15,46";"";"8,58";"5,90";"";"61,12";"1,24";"7,69";"";""
"181900";"strzyżowski";"podkarpackie";"57,04";"0,97";"65,20";"34,80";"0,00";"99,03";"8,87";"";"8,85";"7,09";"";"69,98";"0,51";"4,71";"";""
"182000";"tarnobrzeski";"podkarpackie";"54,89";"1,11";"63,74";"36,26";"0,00";"98,89";"12,40";"";"6,41";"11,94";"";"63,89";"0,67";"4,70";"";""
"182100";"leski";"podkarpackie";"58,38";"1,14";"61,21";"38,79";"0,00";"98,86";"19,02";"";"6,15";"11,81";"";"53,85";"";"9,17";"";""
"186100";"Krosno";"podkarpackie";"60,77";"0,64";"55,56";"44,44";"0,00";"99,36";"27,83";"";"7,80";"5,03";"";"47,94";"";"11,39";"";""
"186200";"Przemyśl";"podkarpackie";"56,02";"0,98";"60,00";"40,00";"0,00";"99,02";"27,78";"";"8,37";"6,05";"";"47,45";"";"10,34";"";""
"186300";"Rzeszów";"podkarpackie";"65,68";"0,55";"50,91";"49,09";"0,00";"99,45";"26,78";"";"9,90";"7,35";"";"42,96";"0,72";"12,28";"";""
"186400";"Tarnobrzeg";"podkarpackie";"58,87";"0,79";"57,80";"42,20";"0,00";"99,21";"27,80";"";"8,02";"8,41";"";"45,10";"0,69";"9,97";"";""
"200100";"augustowski";"podlaskie";"52,33";"1,07";"55,64";"44,36";"0,00";"98,93";"16,15";"0,35";"5,84";"14,74";"";"55,02";"0,37";"6,85";"0,70";""
"200200";"białostocki";"podlaskie";"59,75";"0,91";"49,92";"50,08";"0,00";"99,09";"22,04";"0,33";"7,58";"6,70";"";"53,24";"0,50";"8,65";"0,96";""
"200300";"bielski";"podlaskie";"53,58";"1,00";"56,02";"43,98";"0,00";"99,00";"25,59";"0,27";"4,50";"7,72";"";"50,94";"0,30";"9,90";"0,77";""
"200400";"grajewski";"podlaskie";"50,57";"1,36";"56,25";"43,75";"0,00";"98,64";"11,22";"0,41";"7,43";"14,01";"";"61,16";"0,30";"5,10";"0,38";""
"200500";"hajnowski";"podlaskie";"49,16";"1,46";"62,98";"37,02";"0,00";"98,54";"34,35";"0,58";"5,67";"12,20";"";"29,93";"0,58";"15,93";"0,76";""
"200600";"kolneński";"podlaskie";"50,37";"1,63";"71,43";"28,57";"0,00";"98,37";"6,49";"0,28";"5,61";"13,01";"";"68,39";"0,31";"5,51";"0,40";""
"200700";"łomżyński";"podlaskie";"54,10";"1,28";"59,22";"40,78";"0,00";"98,72";"8,83";"0,23";"5,87";"9,38";"";"71,53";"0,26";"3,29";"0,62";""
"200800";"moniecki";"podlaskie";"48,58";"1,15";"62,84";"37,16";"0,00";"98,85";"12,53";"0,24";"6,41";"11,65";"";"63,98";"0,34";"4,35";"0,51";""
"200900";"sejneński";"podlaskie";"47,94";"1,22";"58,33";"41,67";"0,00";"98,78";"20,21";"0,85";"5,46";"16,25";"";"46,64";"0,59";"9,29";"0,71";""
"201000";"siemiatycki";"podlaskie";"49,53";"1,12";"67,98";"32,02";"0,00";"98,88";"19,40";"0,20";"5,60";"12,28";"";"53,62";"0,36";"7,93";"0,60";""
"201100";"sokólski";"podlaskie";"51,57";"1,10";"58,96";"41,04";"0,00";"98,90";"11,79";"0,31";"7,40";"13,46";"";"60,48";"0,27";"5,90";"0,39";""
"201200";"suwalski";"podlaskie";"53,00";"1,20";"50,00";"50,00";"0,00";"98,80";"11,79";"0,39";"6,60";"16,26";"";"58,17";"0,57";"5,66";"0,56";""
"201300";"wysokomazowiecki";"podlaskie";"58,55";"1,08";"58,82";"41,18";"0,00";"98,92";"6,59";"0,22";"5,53";"10,66";"";"72,57";"0,23";"3,62";"0,59";""
"201400";"zambrowski";"podlaskie";"54,50";"1,09";"55,71";"44,29";"0,00";"98,91";"9,61";"0,23";"5,59";"16,47";"";"62,48";"0,45";"4,71";"0,47";""
"206100";"Białystok";"podlaskie";"65,72";"0,62";"49,89";"50,11";"0,00";"99,38";"30,29";"0,33";"8,43";"5,22";"";"40,30";"0,52";"13,99";"0,91";""
"206200";"Łomża";"podlaskie";"58,48";"0,67";"49,18";"50,82";"0,00";"99,33";"24,11";"0,36";"6,38";"6,69";"";"54,03";"0,32";"6,91";"1,20";""
"206300";"Suwałki";"podlaskie";"56,92";"0,76";"49,34";"50,66";"0,00";"99,24";"25,21";"0,54";"7,10";"10,31";"";"45,58";"0,67";"9,67";"0,92";""
"220100";"bytowski";"pomorskie";"54,18";"1,36";"56,88";"43,12";"0,00";"98,64";"26,69";"";"6,65";"9,39";"";"43,72";"";"13,54";"";""
"220200";"chojnicki";"pomorskie";"58,61";"1,20";"57,20";"42,80";"0,00";"98,80";"30,66";"";"7,15";"8,02";"";"45,33";"";"8,84";"";""
"220300";"człuchowski";"pomorskie";"51,34";"1,95";"65,32";"34,68";"0,00";"98,05";"34,57";"";"6,35";"9,23";"";"37,76";"";"12,09";"";""
"220400";"gdański";"pomorskie";"64,13";"1,16";"61,87";"38,13";"0,00";"98,84";"42,79";"";"8,33";"6,72";"";"30,00";"";"12,16";"";""
"220500";"kartuski";"pomorskie";"65,60";"1,21";"58,46";"41,54";"0,00";"98,79";"32,04";"";"7,42";"8,14";"";"45,37";"";"7,03";"";""
"220600";"kościerski";"pomorskie";"61,03";"1,42";"56,87";"43,13";"0,00";"98,58";"22,62";"";"7,61";"15,36";"";"46,25";"";"8,16";"";""
"220700";"kwidzyński";"pomorskie";"53,13";"1,63";"69,19";"30,81";"0,00";"98,37";"32,10";"";"7,91";"5,31";"";"39,31";"";"15,37";"";""
"220800";"lęborski";"pomorskie";"58,69";"1,35";"64,10";"35,90";"0,00";"98,65";"34,94";"";"7,80";"9,56";"";"34,83";"";"12,86";"";""
"220900";"malborski";"pomorskie";"55,46";"1,25";"68,84";"31,16";"0,00";"98,75";"35,36";"";"7,22";"8,88";"";"33,73";"";"14,82";"";""
"221000";"nowodworski";"pomorskie";"54,55";"1,48";"64,47";"35,53";"0,00";"98,52";"40,75";"";"6,40";"8,22";"";"34,24";"";"10,40";"";""
"221100";"pucki";"pomorskie";"63,78";"1,18";"56,54";"43,46";"0,00";"98,82";"37,38";"";"7,16";"8,06";"";"36,89";"";"10,50";"";""
"221200";"słupski";"pomorskie";"52,68";"1,45";"60,39";"39,61";"0,00";"98,55";"31,20";"";"6,16";"9,27";"";"37,29";"";"16,09";"";""
"221300";"starogardzki";"pomorskie";"56,47";"1,50";"65,52";"34,48";"0,00";"98,50";"24,03";"";"7,02";"11,14";"";"47,83";"";"9,99";"";""
"221400";"tczewski";"pomorskie";"57,07";"1,56";"66,32";"33,68";"0,00";"98,44";"30,74";"";"7,96";"8,81";"";"40,73";"";"11,77";"";""
"221500";"wejherowski";"pomorskie";"64,37";"1,12";"59,65";"40,35";"0,00";"98,88";"36,23";"";"8,33";"7,54";"";"36,63";"";"11,28";"";""
"221600";"sztumski";"pomorskie";"47,22";"2,37";"76,96";"23,04";"0,00";"97,63";"33,83";"";"5,77";"9,47";"";"39,52";"";"11,41";"";""
"226100";"Gdańsk";"pomorskie";"72,54";"0,53";"50,07";"49,93";"0,00";"99,47";"47,99";"";"7,07";"3,75";"";"26,69";"";"14,51";"";""
"226200";"Gdynia";"pomorskie";"72,50";"0,62";"43,67";"56,33";"0,00";"99,38";"45,63";"";"7,38";"5,63";"";"25,85";"";"15,51";"";""
"226300";"Słupsk";"pomorskie";"62,29";"0,87";"55,65";"44,35";"0,00";"99,13";"36,03";"";"6,08";"5,97";"";"33,24";"";"18,69";"";""
"226400";"Sopot";"pomorskie";"74,32";"0,49";"43,12";"56,88";"0,00";"99,51";"50,11";"";"5,60";"3,54";"";"25,08";"";"15,66";"";""
"240100";"będziński";"śląskie";"63,17";"0,96";"65,22";"34,78";"0,00";"99,04";"32,10";"";"6,79";"4,75";"";"34,01";"";"22,34";"";""
"240200";"bielski";"śląskie";"66,81";"0,94";"57,09";"42,91";"0,00";"99,06";"26,44";"";"7,96";"8,68";"";"45,69";"";"11,23";"";""
"240300";"cieszyński";"śląskie";"62,30";"1,00";"61,23";"38,77";"0,00";"99,00";"28,30";"";"7,72";"8,19";"";"41,48";"";"14,31";"";""
"240400";"częstochowski";"śląskie";"60,47";"1,37";"71,78";"28,22";"0,00";"98,63";"18,64";"";"5,90";"11,25";"";"49,60";"";"12,58";"2,04";""
"240500";"gliwicki";"śląskie";"58,29";"1,26";"56,62";"43,38";"0,00";"98,74";"29,52";"";"8,21";"6,65";"";"43,18";"";"10,29";"2,15";""
"240600";"kłobucki";"śląskie";"58,62";"1,47";"72,34";"27,66";"0,00";"98,53";"14,35";"";"6,00";"19,17";"";"47,30";"";"11,22";"1,95";""
"240700";"lubliniecki";"śląskie";"55,16";"1,60";"62,55";"37,45";"0,00";"98,40";"24,04";"";"6,23";"7,90";"";"49,32";"";"8,25";"4,26";""
"240800";"mikołowski";"śląskie";"65,74";"0,97";"57,11";"42,89";"0,00";"99,03";"31,57";"";"7,85";"6,37";"";"42,33";"";"10,07";"1,80";""
"240900";"myszkowski";"śląskie";"58,28";"1,31";"73,56";"26,44";"0,00";"98,69";"19,09";"";"6,43";"7,15";"";"48,75";"";"15,49";"3,09";""
"241000";"pszczyński";"śląskie";"66,23";"0,99";"57,27";"42,73";"0,00";"99,01";"23,94";"";"7,49";"6,65";"";"53,21";"";"8,71";"";""
"241100";"raciborski";"śląskie";"50,02";"1,19";"67,47";"32,53";"0,00";"98,81";"30,26";"";"6,30";"6,53";"";"45,80";"";"9,76";"1,35";""
"241200";"rybnicki";"śląskie";"61,34";"1,09";"59,95";"40,05";"0,00";"98,91";"26,21";"";"6,92";"5,12";"";"53,42";"";"6,73";"1,61";""
"241300";"tarnogórski";"śląskie";"61,40";"0,97";"64,47";"35,53";"0,00";"99,03";"29,23";"";"6,44";"7,87";"";"41,92";"";"12,57";"1,96";""
"241400";"bieruńsko-lędziński";"śląskie";"64,50";"1,09";"60,00";"40,00";"0,00";"98,91";"23,19";"";"7,36";"4,83";"";"56,90";"";"7,72";"";""
"241500";"wodzisławski";"śląskie";"60,66";"0,96";"54,61";"45,39";"0,00";"99,04";"23,99";"";"7,04";"5,86";"";"51,87";"";"9,67";"1,57";""
"241600";"zawierciański";"śląskie";"60,96";"1,06";"65,97";"34,03";"0,00";"98,94";"24,16";"";"7,90";"7,01";"";"46,26";"";"14,67";"";""
"241700";"żywiecki";"śląskie";"62,22";"1,14";"55,52";"44,48";"0,00";"98,86";"20,67";"";"6,62";"6,68";"";"58,13";"";"7,90";"";""
"246100";"Bielsko-Biała";"śląskie";"67,50";"0,68";"49,42";"50,58";"0,00";"99,32";"34,40";"";"7,26";"5,28";"";"39,35";"";"13,71";"";""
"246200";"Bytom";"śląskie";"56,45";"1,17";"59,36";"40,64";"0,00";"98,83";"29,20";"";"6,89";"5,80";"";"39,00";"";"15,60";"3,51";""
"246300";"Chorzów";"śląskie";"60,41";"1,12";"53,26";"46,74";"0,00";"98,88";"41,97";"";"7,76";"4,49";"";"33,28";"";"12,50";"";""
"246400";"Częstochowa";"śląskie";"65,85";"0,69";"51,34";"48,66";"0,00";"99,31";"28,45";"";"6,05";"4,19";"";"37,37";"";"21,06";"2,89";""
"246500";"Dąbrowa Górnicza";"śląskie";"63,89";"0,81";"54,19";"45,81";"0,00";"99,19";"28,35";"";"6,14";"4,28";"";"35,59";"";"25,64";"";""
"246600";"Gliwice";"śląskie";"65,73";"0,86";"51,49";"48,51";"0,00";"99,14";"39,25";"";"7,51";"4,86";"";"31,70";"";"13,61";"3,07";""
"246700";"Jastrzębie-Zdrój";"śląskie";"60,94";"0,95";"55,05";"44,95";"0,00";"99,05";"23,23";"";"7,20";"4,37";"";"53,33";"";"10,60";"1,26";""
"246800";"Jaworzno";"śląskie";"61,90";"0,97";"60,42";"39,58";"0,00";"99,03";"31,81";"";"7,06";"6,09";"";"40,72";"";"14,32";"";""
"246900";"Katowice";"śląskie";"67,55";"0,82";"54,70";"45,30";"0,00";"99,18";"40,93";"";"7,26";"3,95";"";"33,83";"";"14,02";"";""
"247000";"Mysłowice";"śląskie";"63,85";"0,83";"62,63";"37,37";"0,00";"99,17";"33,76";"";"6,78";"5,03";"";"43,39";"";"11,04";"";""
"247100";"Piekary Śląskie";"śląskie";"61,67";"1,10";"63,41";"36,59";"0,00";"98,90";"39,96";"";"5,53";"3,21";"";"43,99";"";"7,31";"";""
"247200";"Ruda Śląska";"śląskie";"60,16";"1,02";"51,47";"48,53";"0,00";"98,98";"32,87";"";"7,61";"4,83";"";"44,26";"";"10,44";"";""
"247300";"Rybnik";"śląskie";"62,49";"0,85";"55,10";"44,90";"0,00";"99,15";"30,43";"";"7,29";"5,28";"";"45,53";"";"9,91";"1,58";""
"247400";"Siemianowice Śląskie";"śląskie";"63,18";"1,06";"57,40";"42,60";"0,00";"98,94";"39,12";"";"7,58";"4,07";"";"35,44";"";"13,79";"";""
"247500";"Sosnowiec";"śląskie";"64,03";"0,78";"60,08";"39,92";"0,00";"99,22";"30,88";"";"5,30";"3,48";"";"33,53";"";"26,80";"";""
"247600";"Świętochłowice";"śląskie";"56,73";"1,20";"57,71";"42,29";"0,00";"98,80";"36,38";"";"7,60";"4,91";"";"40,02";"";"11,10";"";""
"247700";"Tychy";"śląskie";"66,84";"0,87";"55,81";"44,19";"0,00";"99,13";"35,45";"";"7,70";"4,67";"";"40,63";"";"11,54";"";""
"247800";"Zabrze";"śląskie";"53,43";"1,13";"54,25";"45,75";"0,00";"98,87";"32,89";"";"9,42";"5,31";"";"36,22";"";"14,05";"2,11";""
"247900";"Żory";"śląskie";"63,20";"0,90";"54,79";"45,21";"0,00";"99,10";"29,01";"";"7,62";"5,80";"";"45,35";"";"10,74";"1,47";""
"260100";"buski";"świętokrzyskie";"56,08";"1,10";"66,13";"33,87";"0,00";"98,90";"10,97";"";"4,67";"14,93";"";"59,49";"1,11";"8,00";"0,83";""
"260200";"jędrzejowski";"świętokrzyskie";"56,98";"1,27";"68,33";"31,67";"0,00";"98,73";"9,74";"";"4,93";"12,91";"";"63,34";"1,05";"7,33";"0,68";""
"260300";"kazimierski";"świętokrzyskie";"48,51";"1,26";"58,72";"41,28";"0,00";"98,74";"11,36";"";"4,90";"17,89";"";"59,06";"0,59";"5,60";"0,60";""
"260400";"kielecki";"świętokrzyskie";"59,02";"1,13";"62,11";"37,89";"0,00";"98,87";"12,84";"";"6,88";"8,78";"";"61,70";"1,59";"7,16";"1,05";""
"260500";"konecki";"świętokrzyskie";"55,82";"1,27";"60,39";"39,61";"0,00";"98,73";"12,21";"";"5,15";"8,04";"";"60,56";"1,10";"12,28";"0,66";""
"260600";"opatowski";"świętokrzyskie";"52,13";"1,84";"61,50";"38,50";"0,00";"98,16";"7,24";"";"4,49";"14,72";"";"64,41";"1,25";"6,86";"1,02";""
"260700";"ostrowiecki";"świętokrzyskie";"54,42";"1,31";"57,12";"42,88";"0,00";"98,69";"19,36";"";"6,00";"8,00";"";"49,49";"1,48";"14,54";"1,14";""
"260800";"pińczowski";"świętokrzyskie";"52,85";"1,05";"67,57";"32,43";"0,00";"98,95";"12,53";"";"5,03";"12,46";"";"60,14";"1,08";"7,89";"0,86";""
"260900";"sandomierski";"świętokrzyskie";"53,41";"1,28";"66,74";"33,26";"0,00";"98,72";"13,09";"";"5,94";"17,43";"";"53,66";"0,85";"8,25";"0,78";""
"261000";"skarżyski";"świętokrzyskie";"57,86";"1,00";"68,86";"31,14";"0,00";"99,00";"25,68";"";"6,09";"5,36";"";"48,23";"1,55";"11,99";"1,10";""
"261100";"starachowicki";"świętokrzyskie";"58,25";"1,07";"66,29";"33,71";"0,00";"98,93";"20,95";"";"6,90";"5,80";"";"53,78";"1,57";"9,74";"1,26";""
"261200";"staszowski";"świętokrzyskie";"55,19";"1,18";"72,89";"27,11";"0,00";"98,82";"8,60";"";"5,28";"11,84";"";"65,25";"0,84";"7,33";"0,87";""
"261300";"włoszczowski";"świętokrzyskie";"57,56";"1,20";"66,02";"33,98";"0,00";"98,80";"6,30";"";"5,41";"16,55";"";"63,74";"0,81";"6,68";"0,51";""
"266100";"Kielce";"świętokrzyskie";"66,75";"0,66";"51,28";"48,72";"0,00";"99,34";"29,83";"";"6,63";"5,74";"";"39,94";"2,37";"14,45";"1,04";""
"280100";"bartoszycki";"warmińsko-mazurskie";"48,68";"2,10";"78,39";"21,61";"0,00";"97,90";"32,16";"";"4,94";"7,84";"";"41,54";"";"11,26";"2,27";""
"280200";"braniewski";"warmińsko-mazurskie";"48,73";"1,91";"78,43";"21,57";"0,00";"98,09";"27,72";"";"5,49";"12,27";"";"38,03";"";"10,56";"5,92";""
"280300";"działdowski";"warmińsko-mazurskie";"51,41";"2,27";"72,86";"27,14";"0,00";"97,73";"20,02";"";"5,37";"15,20";"";"48,22";"";"8,98";"2,21";""
"280400";"elbląski";"warmińsko-mazurskie";"47,83";"1,96";"71,12";"28,88";"0,00";"98,04";"27,07";"";"5,61";"11,19";"";"41,56";"";"11,59";"2,98";""
"280500";"ełcki";"warmińsko-mazurskie";"49,78";"1,32";"56,43";"43,57";"0,00";"98,68";"24,22";"";"8,93";"9,17";"";"43,34";"0,78";"13,55";"";""
"280600";"giżycki";"warmińsko-mazurskie";"53,24";"1,75";"69,01";"30,99";"0,00";"98,25";"28,79";"";"6,86";"14,18";"";"37,01";"0,70";"12,46";"";""
"280700";"iławski";"warmińsko-mazurskie";"53,46";"1,82";"69,66";"30,34";"0,00";"98,18";"24,76";"";"6,68";"13,03";"";"43,91";"";"9,41";"2,21";""
"280800";"kętrzyński";"warmińsko-mazurskie";"48,77";"1,83";"71,11";"28,89";"0,00";"98,17";"20,86";"";"6,30";"17,31";"";"39,47";"0,60";"15,46";"";""
"280900";"lidzbarski";"warmińsko-mazurskie";"50,96";"1,92";"74,13";"25,87";"0,00";"98,08";"36,72";"";"6,02";"6,68";"";"39,13";"";"9,18";"2,27";""
"281000";"mrągowski";"warmińsko-mazurskie";"52,69";"1,68";"69,14";"30,86";"0,00";"98,32";"29,78";"";"6,48";"12,82";"";"38,56";"0,60";"11,77";"";""
"281100";"nidzicki";"warmińsko-mazurskie";"49,10";"1,73";"65,90";"34,10";"0,00";"98,27";"20,47";"";"6,26";"9,75";"";"51,74";"0,68";"11,09";"";""
"281200";"nowomiejski";"warmińsko-mazurskie";"53,86";"2,26";"76,64";"23,36";"0,00";"97,74";"14,78";"";"4,22";"21,32";"";"49,08";"";"9,09";"1,51";""
"281300";"olecki";"warmińsko-mazurskie";"47,36";"1,72";"66,98";"33,02";"0,00";"98,28";"18,86";"";"6,53";"15,43";"";"47,28";"0,71";"11,19";"";""
"281400";"olsztyński";"warmińsko-mazurskie";"54,01";"1,69";"61,55";"38,45";"0,00";"98,31";"26,88";"";"7,61";"16,36";"";"35,01";"0,71";"13,43";"";""
"281500";"ostródzki";"warmińsko-mazurskie";"51,49";"2,01";"72,55";"27,45";"0,00";"97,99";"30,35";"";"6,09";"10,39";"";"37,64";"";"12,89";"2,64";""
"281600";"piski";"warmińsko-mazurskie";"49,33";"1,74";"73,67";"26,33";"0,00";"98,26";"17,30";"";"6,38";"14,88";"";"51,97";"0,50";"8,97";"";""
"281700";"szczycieński";"warmińsko-mazurskie";"51,47";"1,93";"68,73";"31,27";"0,00";"98,07";"20,05";"";"6,45";"16,39";"";"45,33";"0,83";"10,96";"";""
"281800";"gołdapski";"warmińsko-mazurskie";"46,42";"1,81";"57,87";"42,13";"0,00";"98,19";"27,21";"";"5,10";"12,62";"";"40,73";"0,67";"13,66";"";""
"281900";"węgorzewski";"warmińsko-mazurskie";"50,04";"1,33";"60,50";"39,50";"0,00";"98,67";"23,22";"";"5,69";"18,53";"";"39,59";"0,59";"12,39";"";""
"286100";"Elbląg";"warmińsko-mazurskie";"60,04";"0,88";"57,11";"42,89";"0,00";"99,12";"34,81";"";"5,47";"6,27";"";"35,72";"";"15,61";"2,13";""
"286200";"Olsztyn";"warmińsko-mazurskie";"67,12";"0,85";"44,56";"55,44";"0,00";"99,15";"33,70";"";"6,99";"9,76";"";"31,11";"0,76";"17,68";"";""
"300100";"chodzieski";"wielkopolskie";"60,62";"1,60";"66,95";"33,05";"0,00";"98,40";"30,34";"";"6,98";"16,69";"";"31,20";"";"14,78";"";""
"300200";"czarnkowsko-trzcianecki";"wielkopolskie";"57,09";"1,94";"70,64";"29,36";"0,00";"98,06";"27,80";"";"6,23";"16,54";"";"37,88";"";"11,55";"";""
"300300";"gnieźnieński";"wielkopolskie";"61,39";"1,48";"70,71";"29,29";"0,00";"98,52";"25,20";"0,67";"6,41";"7,37";"";"38,24";"";"22,11";"";""
"300400";"gostyński";"wielkopolskie";"55,49";"1,96";"70,08";"29,92";"0,00";"98,04";"21,34";"";"9,96";"10,83";"";"45,16";"";"12,72";"";""
"300500";"grodziski";"wielkopolskie";"58,65";"2,01";"66,59";"33,41";"0,00";"97,99";"28,80";"";"7,31";"11,49";"";"41,20";"";"11,20";"";""
"300600";"jarociński";"wielkopolskie";"58,43";"1,64";"76,08";"23,92";"0,00";"98,36";"17,98";"";"5,58";"16,69";"";"47,92";"";"11,84";"";""
"300700";"kaliski";"wielkopolskie";"57,21";"1,61";"66,07";"33,93";"0,00";"98,39";"13,57";"";"5,62";"15,03";"";"55,25";"";"10,53";"";""
"300800";"kępiński";"wielkopolskie";"60,96";"1,54";"68,67";"31,33";"0,00";"98,46";"33,41";"";"5,50";"9,61";"";"43,26";"";"8,22";"";""
"300900";"kolski";"wielkopolskie";"55,89";"1,69";"66,67";"33,33";"0,00";"98,31";"15,12";"0,42";"5,77";"9,43";"";"58,17";"";"11,09";"";""
"301000";"koniński";"wielkopolskie";"55,75";"1,78";"70,08";"29,92";"0,00";"98,22";"14,25";"0,51";"5,40";"10,02";"";"59,12";"";"10,69";"";""
"301100";"kościański";"wielkopolskie";"59,86";"2,17";"61,77";"38,23";"0,00";"97,83";"26,25";"";"6,30";"15,91";"";"38,63";"";"12,91";"";""
"301200";"krotoszyński";"wielkopolskie";"57,38";"1,70";"61,26";"38,74";"0,00";"98,30";"19,46";"";"6,40";"18,43";"";"44,94";"";"10,76";"";""
"301300";"leszczyński";"wielkopolskie";"59,38";"2,13";"65,70";"34,30";"0,00";"97,87";"24,20";"";"7,36";"12,93";"";"40,82";"";"14,69";"";""
"301400";"międzychodzki";"wielkopolskie";"56,95";"1,94";"72,78";"27,22";"0,00";"98,06";"31,31";"";"5,93";"9,45";"";"32,49";"";"20,81";"";""
"301500";"nowotomyski";"wielkopolskie";"61,34";"1,69";"70,62";"29,38";"0,00";"98,31";"39,59";"";"6,64";"10,66";"";"33,81";"";"9,29";"";""
"301600";"obornicki";"wielkopolskie";"59,80";"1,58";"75,06";"24,94";"0,00";"98,42";"27,34";"";"6,51";"20,12";"";"32,98";"";"13,05";"";""
"301700";"ostrowski";"wielkopolskie";"61,28";"1,52";"69,81";"30,19";"0,00";"98,48";"28,82";"";"6,65";"10,23";"";"43,23";"";"11,07";"";""
"301800";"ostrzeszowski";"wielkopolskie";"58,08";"1,63";"71,43";"28,57";"0,00";"98,37";"19,75";"";"6,18";"20,41";"";"44,45";"";"9,22";"";""
"301900";"pilski";"wielkopolskie";"60,73";"1,37";"66,55";"33,45";"0,00";"98,63";"29,40";"";"6,66";"12,44";"";"36,26";"";"15,24";"";""
"302000";"pleszewski";"wielkopolskie";"57,99";"1,88";"68,47";"31,53";"0,00";"98,12";"20,46";"";"5,57";"17,66";"";"46,70";"";"9,62";"";""
"302100";"poznański";"wielkopolskie";"71,98";"1,04";"61,86";"38,14";"0,00";"98,96";"43,99";"";"6,64";"7,90";"";"27,09";"";"14,38";"";""
"302200";"rawicki";"wielkopolskie";"55,48";"2,03";"70,49";"29,51";"0,00";"97,97";"22,73";"";"6,32";"12,38";"";"40,71";"";"17,86";"";""
"302300";"słupecki";"wielkopolskie";"56,13";"1,68";"69,66";"30,34";"0,00";"98,32";"16,28";"0,58";"5,93";"13,69";"";"50,24";"";"13,27";"";""
"302400";"szamotulski";"wielkopolskie";"61,09";"1,87";"71,24";"28,76";"0,00";"98,13";"35,20";"";"6,04";"11,92";"";"33,14";"";"13,70";"";""
"302500";"średzki";"wielkopolskie";"61,09";"1,78";"71,31";"28,69";"0,00";"98,22";"21,11";"0,83";"14,20";"11,44";"";"38,02";"";"14,40";"";""
"302600";"śremski";"wielkopolskie";"59,75";"1,73";"72,37";"27,63";"0,00";"98,27";"23,91";"0,97";"8,30";"10,86";"";"38,56";"";"17,40";"";""
"302700";"turecki";"wielkopolskie";"58,31";"1,29";"72,40";"27,60";"0,00";"98,71";"13,17";"0,60";"5,48";"14,30";"";"56,65";"";"9,79";"";""
"302800";"wągrowiecki";"wielkopolskie";"57,37";"1,74";"75,75";"24,25";"0,00";"98,26";"24,73";"";"7,19";"17,86";"";"36,66";"";"13,57";"";""
"302900";"wolsztyński";"wielkopolskie";"60,76";"2,11";"73,23";"26,77";"0,00";"97,89";"31,89";"";"6,98";"12,68";"";"37,31";"";"11,14";"";""
"303000";"wrzesiński";"wielkopolskie";"61,26";"1,18";"69,84";"30,16";"0,00";"98,82";"27,25";"0,70";"6,98";"8,61";"";"41,28";"";"15,18";"";""
"303100";"złotowski";"wielkopolskie";"53,72";"2,04";"71,09";"28,91";"0,00";"97,96";"28,32";"";"6,67";"13,41";"";"37,90";"";"13,71";"";""
"306100";"Kalisz";"wielkopolskie";"65,20";"0,79";"54,89";"45,11";"0,00";"99,21";"30,11";"";"6,46";"7,04";"";"34,68";"";"21,70";"";""
"306200";"Konin";"wielkopolskie";"63,21";"0,92";"68,93";"31,07";"0,00";"99,08";"27,68";"0,64";"5,42";"6,09";"";"42,22";"";"17,95";"";""
"306300";"Leszno";"wielkopolskie";"65,45";"0,98";"53,40";"46,60";"0,00";"99,02";"36,14";"";"7,41";"6,46";"";"28,11";"";"21,87";"";""
"306400";"Poznań";"wielkopolskie";"73,95";"0,63";"50,13";"49,87";"0,00";"99,37";"46,34";"";"6,59";"5,02";"";"24,11";"";"17,94";"";""
"320100";"białogardzki";"zachodniopomorskie";"50,72";"2,25";"69,71";"30,29";"0,00";"97,75";"33,53";"";"5,05";"9,45";"";"37,11";"";"14,86";"";""
"320200";"choszczeński";"zachodniopomorskie";"48,13";"2,45";"78,03";"21,97";"0,00";"97,55";"29,48";"";"5,57";"10,36";"";"40,94";"";"13,64";"";""
"320300";"drawski";"zachodniopomorskie";"50,54";"1,96";"73,99";"26,01";"0,00";"98,04";"29,36";"";"6,01";"10,97";"";"38,38";"";"15,28";"";""
"320400";"goleniowski";"zachodniopomorskie";"54,16";"1,73";"66,83";"33,17";"0,00";"98,27";"29,62";"";"6,44";"12,55";"";"36,61";"";"14,80";"";""
"320500";"gryficki";"zachodniopomorskie";"51,31";"1,80";"71,88";"28,12";"0,00";"98,20";"31,91";"";"5,50";"13,49";"";"37,61";"";"11,49";"";""
"320600";"gryfiński";"zachodniopomorskie";"52,00";"1,73";"67,89";"32,11";"0,00";"98,27";"27,18";"";"6,46";"8,64";"";"42,54";"";"15,18";"";""
"320700";"kamieński";"zachodniopomorskie";"53,58";"1,62";"69,58";"30,42";"0,00";"98,38";"33,22";"";"5,11";"11,98";"";"36,18";"";"13,52";"";""
"320800";"kołobrzeski";"zachodniopomorskie";"61,32";"1,57";"63,52";"36,48";"0,00";"98,43";"33,71";"";"5,41";"7,29";"";"36,34";"";"17,26";"";""
"320900";"koszaliński";"zachodniopomorskie";"55,05";"2,15";"70,92";"29,08";"0,00";"97,85";"28,28";"";"7,08";"11,86";"";"37,18";"";"15,59";"";""
"321000";"myśliborski";"zachodniopomorskie";"51,32";"1,57";"71,25";"28,75";"0,00";"98,43";"35,87";"";"6,72";"7,65";"";"38,44";"";"11,33";"";""
"321100";"policki";"zachodniopomorskie";"65,42";"0,97";"59,35";"40,65";"0,00";"99,03";"41,64";"";"7,33";"5,04";"";"29,90";"";"16,08";"";""
"321200";"pyrzycki";"zachodniopomorskie";"51,56";"2,23";"73,86";"26,14";"0,00";"97,77";"21,23";"";"5,69";"12,24";"";"48,46";"";"12,38";"";""
"321300";"sławieński";"zachodniopomorskie";"53,54";"2,13";"75,45";"24,55";"0,00";"97,87";"27,67";"";"5,85";"10,72";"";"39,80";"";"15,95";"";""
"321400";"stargardzki";"zachodniopomorskie";"57,11";"1,50";"69,20";"30,80";"0,00";"98,50";"32,55";"";"7,05";"8,53";"";"37,84";"";"14,02";"";""
"321500";"szczecinecki";"zachodniopomorskie";"52,63";"1,91";"69,95";"30,05";"0,00";"98,09";"32,52";"";"6,79";"8,37";"";"41,49";"";"10,82";"";""
"321600";"świdwiński";"zachodniopomorskie";"50,34";"2,00";"73,05";"26,95";"0,00";"98,00";"25,94";"";"5,45";"12,17";"";"41,58";"";"14,86";"";""
"321700";"wałecki";"zachodniopomorskie";"54,43";"1,58";"72,78";"27,22";"0,00";"98,42";"34,67";"";"6,20";"9,70";"";"35,86";"";"13,57";"";""
"321800";"łobeski";"zachodniopomorskie";"48,24";"2,30";"75,16";"24,84";"0,00";"97,70";"28,01";"";"5,31";"14,53";"";"40,57";"";"11,58";"";""
"326100";"Koszalin";"zachodniopomorskie";"65,27";"1,01";"63,38";"36,62";"0,00";"98,99";"38,39";"";"5,96";"7,75";"";"29,59";"";"18,32";"";""
"326200";"Szczecin";"zachodniopomorskie";"66,56";"0,74";"50,85";"49,15";"0,00";"99,26";"40,47";"";"6,79";"4,64";"";"32,13";"";"15,97";"";""
"326300";"Świnoujście";"zachodniopomorskie";"61,97";"0,70";"43,57";"56,43";"0,00";"99,30";"33,44";"";"5,32";"4,36";"";"30,18";"";"26,70";"";""
